Video_Person,PersonBegin(frame),PersonEnd(frame)
n01_p01,780,8515
n01_p04,56576,64240
n01_p05,71124,78617
n01_p06,86070,93790
n01_p07,101060,108529
n01_p08,116832,124300
n02_p01,700,6075
n02_p02,11540,16656
n02_p03,35787,40900
n02_p04,47433,52633
n02_p05,58973,64040
n02_p06,69981,75053
n02_p07,81587,86670
n02_p08,93046,98100
n03_p01,975,6108
n03_p02,12270,17405
n03_p03,24208,29467
n03_p04,35505,40664
n03_p05,47261,52461
n03_p06,59492,64597
n03_p07,70960,76002
n04_p01,1187,6356
n04_p02,23163,28259
n04_p03,32328,37430
n04_p05,55345,60393
n04_p06,64486,69738
n04_p07,76656,81804
n05_p01,1146,8888
n05_p02,24118,31733
n05_p03,37241,44689
n05_p04,50707,58211
n05_p05,65645,73316
n05_p06,80161,87595
n06_p01,1070,6421
n06_p02,21231,26313
n06_p03,33408,38517
n06_p04,45614,50810
n06_p05,56828,62046
n06_p07,80529,85564
n07_p01,1783,9272
n07_p02,16140,23567
n07_p03,30934,38511
n07_p05,62009,69542
n08_p01,1024,6080
n08_p02,12459,17533
n08_p03,34387,39707
n08_p04,46415,51441
n08_p05,58889,64075
n08_p06,70907,75991
n08_p07,84591,89908
n08_p08,96525,101602
n09_p05,58840,66324
n09_p07,86345,93872
n09_p08,97227,104738
n09_p09,112127,119508
n09_p10,126200,133724
n10_p01,14507,19578
n10_p02,25244,30307
n10_p03,36630,41714
n10_p04,48519,53563
n10_p05,59614,64717
n10_p07,97271,102618
n10_p08,108450,113746
n10_p10,131089,136192
n10_p11,142816,147889
n10_p12,154260,159350
n11_p01,13337,20734
n11_p02,27832,35479
n11_p03,42161,49656
n11_p05,85909,93481
n11_p06,100191,107627
n11_p07,114997,122537
n11_p08,129283,136749
n11_p09,143441,150976
n11_p10,158374,165655
n12_p01,546,8018
n12_p02,15991,23456
n12_p04,43635,51038
n12_p05,58898,66363
n12_p06,81420,88843
n12_p07,94427,101897
n12_p09,123071,130548
n12_p10,137314,144788
n13_p01,1288,6477
n13_p02,13166,18266
n13_p03,25081,30229
n13_p05,47278,52377
n13_p07,70559,75515
n13_p08,82699,87758
n13_p09,93869,98875
n13_p11,117452,122557
n14_p01,379,7881
n14_p02,14138,21591
n14_p03,29151,36730
n14_p04,43541,51059
n14_p06,84843,92317
n14_p07,99231,106790
n14_p08,113221,120629
n14_p09,128111,135698
n14_p11,159412,166982
n15_p01,964,5990
n15_p03,24886,29915
n15_p04,37835,42945
n15_p05,60405,65460
n15_p06,72177,77204
n15_p07,96749,101760
n16_p01,1009,8536
n16_p02,26291,33802
n16_p03,40543,48030
n16_p05,69327,76813
n16_p06,85455,92915
n16_p07,100910,108387
n17_p01,624,8079
n17_p02,20331,27733
n17_p03,34221,41368
n17_p04,43975,51672
n17_p05,58899,66370
n18_p01,849,5907
n18_p02,11900,16912
n18_p03,37747,42897
n18_p04,48974,53947
n18_p05,61278,66173
n18_p06,74076,79038
n18_p07,86706,91599
n19_p01,12896,18041
n19_p03,43905,49260
n19_p04,56205,61324
n19_p05,67332,72481
n19_p06,79700,84685
n19_p07,91100,96164
n20_p01,1271,6300
n20_p02,13800,18892
n20_p03,39202,44333
n20_p04,51574,56633
n20_p05,64965,70062
n20_p06,77869,82946
n20_p07,90246,95202
n20_p08,102979,108062
n21_p01,980,6117
n21_p02,12253,17340
n21_p03,23586,28594
n21_p04,49402,54453
n21_p05,61963,66995
n21_p06,72906,77864
n21_p07,83843,88931
n21_p08,95763,100901
n21_p09,107456,112546
n22_p01,955,8342
n22_p02,15371,22869
n22_p04,48470,55896
n22_p05,61719,69092
n22_p06,75111,82592
n22_p07,89640,97172
n22_p08,104793,112218
n23_p02,11429,16475
n23_p03,23133,28169
n23_p04,34255,39386
n23_p05,46149,51245
n23_p06,58295,63411
n23_p07,84188,89649
n23_p08,96407,101499
n23_p09,108758,113797
n23_p10,120978,126053
n23_p11,132656,137638
n23_p12,144801,149880
n24_p02,28433,35961
n24_p03,42685,50179
n24_p04,56384,63886
n24_p05,70357,78091
n24_p06,84857,92401
n25_p01,15094,22537
n25_p02,28991,36567
n25_p04,60486,67983
n25_p05,74037,81153
n25_p06,87501,95031
n26_p01,9331,17708
n26_p02,24234,32597
n26_p03,39299,47744
n26_p04,54200,62531
n26_p05,69064,77447
n26_p06,85997,94399
n27_p01,991,6058
n27_p02,13486,18539
n27_p03,25939,30864
n27_p04,38110,43161
n27_p05,50103,55195
n27_p06,61528,66655
n27_p07,72911,78042
n27_p08,84546,89696
n27_p09,96344,101365
n27_p10,107978,113145
n28_p01,2382,9223
n28_p02,13955,20958
n28_p03,27064,34008
n28_p04,39876,46654
n28_p06,64447,71407
n28_p07,88994,95961
n28_p08,101226,108126
n28_p09,113822,120767
n28_p12,150699,157548
n29_p01,8921,16362
n29_p03,35632,43000
n29_p04,49468,56768
n29_p05,63167,70613
n29_p06,77430,84816
n29_p07,106687,114181
n29_p08,120324,127820
n29_p09,133962,141502
n29_p10,148748,156051
n30_p01,51267,59126
n30_p02,64636,72063
n30_p03,78311,85696
n30_p06,120809,128416
n30_p08,163895,171561
n30_p10,193010,200539
n30_p11,207808,215004
n30_p12,222877,230423
n31_p01,1816,8138
n31_p02,14625,20799
n31_p03,25880,32127
n31_p04,39194,45382
n31_p05,51783,58031
n31_p06,63989,70124
n32_p01,9753,15003
n32_p02,22524,27601
n32_p03,37073,44495
n32_p04,51591,59085
n32_p05,66072,73431
n33_p01,11145,19531
n33_p02,25629,34035
n33_p03,40862,49418
n33_p05,71646,80104
n33_p07,117222,125695
n33_p08,132999,141383
n33_p09,147480,155699
n33_p10,162264,170606
n33_p12,192498,200936
n33_p13,247300,255766
n33_p15,277225,285620
n33_p16,290680,299059
n33_p17,304979,313409
n33_p18,319942,328440
n33_p19,349213,357543
n33_p21,379753,388019
n33_p22,394454,402880
n33_p23,410779,418898
n33_p24,425444,433900
n34_p01,10656,16869
n34_p02,22260,28459
n34_p03,35318,41672
n34_p04,47660,53921
n34_p05,59780,65967
n34_p06,71849,78051
n35_p01,31678,38335
n35_p02,45542,52104
n35_p03,57693,64281
n35_p04,70938,77535
n35_p05,84108,90722
n35_p06,97395,103955
n36_p01,31192,37806
n36_p02,44246,50997
n36_p03,57267,63949
n36_p04,70407,77040
n36_p05,83725,90299
n36_p06,97132,103903
n37_p01,31374,36241
n37_p02,43229,48319
n37_p03,54673,59783
n37_p04,66340,71534
n37_p05,78375,83512
n37_p06,89900,95100
